anchor,title,raw,calibrated,pack
00_core_modern,?,0.422,0.644625,/Volumes/Sound Bank/***Workload***/REFERENCES/44.1kHz/MusicAdvisor_calibration_11.10.2025/audio_norm/00_core_modern/_packs/2025/11/11/2017_ed_sheeran__perfect__album/2017_ed_sheeran__perfect__album_20251111_210147.pack.json
00_core_modern,?,0.432,0.654625,/Volumes/Sound Bank/***Workload***/REFERENCES/44.1kHz/MusicAdvisor_calibration_11.10.2025/audio_norm/00_core_modern/_packs/2025/11/11/2023_sza__kill_bill__album/2023_sza__kill_bill__album_20251111_211755.pack.json
00_core_modern,?,0.678,0.900625,/Volumes/Sound Bank/***Workload***/REFERENCES/44.1kHz/MusicAdvisor_calibration_11.10.2025/audio_norm/00_core_modern/_packs/2025/11/11/2024_sabrina_carpenter__espresso__album/2024_sabrina_carpenter__espresso__album_20251111_211847.pack.json
00_core_modern,?,0.674,0.896625,/Volumes/Sound Bank/***Workload***/REFERENCES/44.1kHz/MusicAdvisor_calibration_11.10.2025/audio_norm/00_core_modern/_packs/2025/11/11/2019_lewis_capaldi__someone_you_loved__album/2019_lewis_capaldi__someone_you_loved__album_20251111_210715.pack.json
00_core_modern,?,0.339,0.561625,/Volumes/Sound Bank/***Workload***/REFERENCES/44.1kHz/MusicAdvisor_calibration_11.10.2025/audio_norm/00_core_modern/_packs/2025/11/11/2022_harry_styles__as_it_was__album/2022_harry_styles__as_it_was__album_20251111_211625.pack.json
00_core_modern,?,0.376,0.598625,/Volumes/Sound Bank/***Workload***/REFERENCES/44.1kHz/MusicAdvisor_calibration_11.10.2025/audio_norm/00_core_modern/_packs/2025/11/11/2021_kid_laroi_justin_bieber__stay__album/2021_kid_laroi_justin_bieber__stay__album_20251111_211350.pack.json
00_core_modern,?,0.441,0.6636249999999999,/Volumes/Sound Bank/***Workload***/REFERENCES/44.1kHz/MusicAdvisor_calibration_11.10.2025/audio_norm/00_core_modern/_packs/2025/11/11/2016_the_weeknd_daft_punk__starboy__album/2016_the_weeknd_daft_punk__starboy__album_20251111_210010.pack.json
00_core_modern,?,0.552,0.774625,/Volumes/Sound Bank/***Workload***/REFERENCES/44.1kHz/MusicAdvisor_calibration_11.10.2025/audio_norm/00_core_modern/_packs/2025/11/11/2023_miley_cyrus__flowers__album/2023_miley_cyrus__flowers__album_20251111_211702.pack.json
00_core_modern,?,0.291,0.513625,/Volumes/Sound Bank/***Workload***/REFERENCES/44.1kHz/MusicAdvisor_calibration_11.10.2025/audio_norm/00_core_modern/_packs/2025/11/11/2021_olivia_rodrigo__drivers_license__album/2021_olivia_rodrigo__drivers_license__album_20251111_211431.pack.json
00_core_modern,?,0.435,0.6576249999999999,/Volumes/Sound Bank/***Workload***/REFERENCES/44.1kHz/MusicAdvisor_calibration_11.10.2025/audio_norm/00_core_modern/_packs/2025/11/11/2019_billie_eilish__bad_guy__single/2019_billie_eilish__bad_guy__single_20251111_210552.pack.json
00_core_modern,?,0.388,0.610625,/Volumes/Sound Bank/***Workload***/REFERENCES/44.1kHz/MusicAdvisor_calibration_11.10.2025/audio_norm/00_core_modern/_packs/2025/11/11/2017_ed_sheeran__shape_of_you__album/2017_ed_sheeran__shape_of_you__album_20251111_210240.pack.json
00_core_modern,?,0.353,0.5756249999999999,/Volumes/Sound Bank/***Workload***/REFERENCES/44.1kHz/MusicAdvisor_calibration_11.10.2025/audio_norm/00_core_modern/_packs/2025/11/11/2019_post_malone_swae_lee__sunflower__album/2019_post_malone_swae_lee__sunflower__album_20251111_210857.pack.json
00_core_modern,?,0.496,0.718625,/Volumes/Sound Bank/***Workload***/REFERENCES/44.1kHz/MusicAdvisor_calibration_11.10.2025/audio_norm/00_core_modern/_packs/2025/11/11/2019_taylor_swift__cruel_summer__album/2019_taylor_swift__cruel_summer__album_20251111_210936.pack.json
00_core_modern,?,0.539,0.761625,/Volumes/Sound Bank/***Workload***/REFERENCES/44.1kHz/MusicAdvisor_calibration_11.10.2025/audio_norm/00_core_modern/_packs/2025/11/11/2010_bruno_mars__just_the_way_you_are__album/2010_bruno_mars__just_the_way_you_are__album_20251111_205713.pack.json
00_core_modern,?,0.669,0.891625,/Volumes/Sound Bank/***Workload***/REFERENCES/44.1kHz/MusicAdvisor_calibration_11.10.2025/audio_norm/00_core_modern/_packs/2025/11/11/2025_justin_bieber__daisies__album/2025_justin_bieber__daisies__album_20251111_212049.pack.json
00_core_modern,?,0.477,0.6996249999999999,/Volumes/Sound Bank/***Workload***/REFERENCES/44.1kHz/MusicAdvisor_calibration_11.10.2025/audio_norm/00_core_modern/_packs/2025/11/11/2017_imagine_dragons__believer__album/2017_imagine_dragons__believer__album_20251111_210444.pack.json
00_core_modern,?,0.565,0.7876249999999999,/Volumes/Sound Bank/***Workload***/REFERENCES/44.1kHz/MusicAdvisor_calibration_11.10.2025/audio_norm/00_core_modern/_packs/2025/11/11/2021_doja_cat__kiss_me_more__album/2021_doja_cat__kiss_me_more__album_20251111_211237.pack.json
00_core_modern,?,0.641,0.863625,/Volumes/Sound Bank/***Workload***/REFERENCES/44.1kHz/MusicAdvisor_calibration_11.10.2025/audio_norm/00_core_modern/_packs/2025/11/11/2025_alex_warren__ordinary__single/2025_alex_warren__ordinary__single_20251111_212000.pack.json
00_core_modern,?,0.619,0.841625,/Volumes/Sound Bank/***Workload***/REFERENCES/44.1kHz/MusicAdvisor_calibration_11.10.2025/audio_norm/00_core_modern/_packs/2025/11/11/2020_dua_lipa__dont_start_now__album/2020_dua_lipa__dont_start_now__album_20251111_211027.pack.json
00_core_modern,?,0.447,0.6696249999999999,/Volumes/Sound Bank/***Workload***/REFERENCES/44.1kHz/MusicAdvisor_calibration_11.10.2025/audio_norm/00_core_modern/_packs/2025/11/11/2019_post_malone__circles__album/2019_post_malone__circles__album_20251111_210818.pack.json
00_core_modern,?,0.478,0.7006249999999999,/Volumes/Sound Bank/***Workload***/REFERENCES/44.1kHz/MusicAdvisor_calibration_11.10.2025/audio_norm/00_core_modern/_packs/2025/11/11/2016_drake__one_dance__album/2016_drake__one_dance__album_20251111_205904.pack.json
00_core_modern,?,0.402,0.624625,/Volumes/Sound Bank/***Workload***/REFERENCES/44.1kHz/MusicAdvisor_calibration_11.10.2025/audio_norm/00_core_modern/_packs/2025/11/11/2020_the_weeknd__blinding_lights__album/2020_the_weeknd__blinding_lights__album_20251111_211150.pack.json
00_core_modern,?,0.255,0.47762499999999997,/Volumes/Sound Bank/***Workload***/REFERENCES/44.1kHz/MusicAdvisor_calibration_11.10.2025/audio_norm/00_core_modern/_packs/2025/11/11/2022_glass_animals__heat_waves__album/2022_glass_animals__heat_waves__album_20251111_211528.pack.json
00_core_modern,?,0.416,0.638625,/Volumes/Sound Bank/***Workload***/REFERENCES/44.1kHz/MusicAdvisor_calibration_11.10.2025/audio_norm/00_core_modern/_packs/2025/11/11/2013_the_neighbourhood__sweater_weather__album/2013_the_neighbourhood__sweater_weather__album_20251111_205810.pack.json
11_latincrossover_eval,?,0.526,0.526,/Volumes/Sound Bank/***Workload***/REFERENCES/44.1kHz/MusicAdvisor_calibration_11.10.2025/audio_norm/11_latincrossover_eval/_packs/2025/11/12/2025_bad_bunny__debi_tirar_mas_fotos__album/2025_bad_bunny__debi_tirar_mas_fotos__album_20251112_011007.pack.json
11_latincrossover_eval,?,0.435,0.435,/Volumes/Sound Bank/***Workload***/REFERENCES/44.1kHz/MusicAdvisor_calibration_11.10.2025/audio_norm/11_latincrossover_eval/_packs/2025/11/12/2023_grupo_frontera_bad_bunny__un_x100to__album/2023_grupo_frontera_bad_bunny__un_x100to__album_20251112_010905.pack.json
11_latincrossover_eval,?,0.499,0.499,/Volumes/Sound Bank/***Workload***/REFERENCES/44.1kHz/MusicAdvisor_calibration_11.10.2025/audio_norm/11_latincrossover_eval/_packs/2025/11/12/2018_camila_cabello_young_thug__havana__album/2018_camila_cabello_young_thug__havana__album_20251112_010258.pack.json
11_latincrossover_eval,?,0.538,0.538,/Volumes/Sound Bank/***Workload***/REFERENCES/44.1kHz/MusicAdvisor_calibration_11.10.2025/audio_norm/11_latincrossover_eval/_packs/2025/11/12/2020_bad_bunny_jhay_cortez__dakiti__album/2020_bad_bunny_jhay_cortez__dakiti__album_20251112_010633.pack.json
11_latincrossover_eval,?,0.406,0.406,/Volumes/Sound Bank/***Workload***/REFERENCES/44.1kHz/MusicAdvisor_calibration_11.10.2025/audio_norm/11_latincrossover_eval/_packs/2025/11/12/2021_farruko__pepas__album/2021_farruko__pepas__album_20251112_010754.pack.json
11_latincrossover_eval,?,0.459,0.459,/Volumes/Sound Bank/***Workload***/REFERENCES/44.1kHz/MusicAdvisor_calibration_11.10.2025/audio_norm/11_latincrossover_eval/_packs/2025/11/12/2017_j_balvin_willy_william__mi_gente__album/2017_j_balvin_willy_william__mi_gente__album_20251112_010124.pack.json
11_latincrossover_eval,?,0.376,0.376,/Volumes/Sound Bank/***Workload***/REFERENCES/44.1kHz/MusicAdvisor_calibration_11.10.2025/audio_norm/11_latincrossover_eval/_packs/2025/11/12/2019_luis_fonsi_daddy_yankee__despacito__album/2019_luis_fonsi_daddy_yankee__despacito__album_20251112_010513.pack.json
06_echo_2010_14,?,0.337,0.5720645161290323,/Volumes/Sound Bank/***Workload***/REFERENCES/44.1kHz/MusicAdvisor_calibration_11.10.2025/audio_norm/06_echo_2010_14/_packs/2025/11/11/2014_taylor_swift__wildest_dreams__album/2014_taylor_swift__wildest_dreams__album_20251111_234029.pack.json
06_echo_2010_14,?,0.483,0.7180645161290322,/Volumes/Sound Bank/***Workload***/REFERENCES/44.1kHz/MusicAdvisor_calibration_11.10.2025/audio_norm/06_echo_2010_14/_packs/2025/11/11/2012_pitbull_kesha__timber__album/2012_pitbull_kesha__timber__album_20251111_232226.pack.json
06_echo_2010_14,?,0.393,0.6280645161290324,/Volumes/Sound Bank/***Workload***/REFERENCES/44.1kHz/MusicAdvisor_calibration_11.10.2025/audio_norm/06_echo_2010_14/_packs/2025/11/11/2011_gotye__somebody_that_i_used_to_know__album/2011_gotye__somebody_that_i_used_to_know__album_20251111_231649.pack.json
06_echo_2010_14,?,0.606,0.8410645161290322,/Volumes/Sound Bank/***Workload***/REFERENCES/44.1kHz/MusicAdvisor_calibration_11.10.2025/audio_norm/06_echo_2010_14/_packs/2025/11/11/2012_carly_rae_jepsen__call_me_maybe__single/2012_carly_rae_jepsen__call_me_maybe__single_20251111_232009.pack.json
06_echo_2010_14,?,0.541,0.7760645161290323,/Volumes/Sound Bank/***Workload***/REFERENCES/44.1kHz/MusicAdvisor_calibration_11.10.2025/audio_norm/06_echo_2010_14/_packs/2025/11/11/2014_ariana_grande__one_last_time__album/2014_ariana_grande__one_last_time__album_20251111_233211.pack.json
06_echo_2010_14,?,0.314,0.5490645161290323,/Volumes/Sound Bank/***Workload***/REFERENCES/44.1kHz/MusicAdvisor_calibration_11.10.2025/audio_norm/06_echo_2010_14/_packs/2025/11/11/2012_bruno_mars__when_i_was_your_man__album/2012_bruno_mars__when_i_was_your_man__album_20251111_231927.pack.json
06_echo_2010_14,?,0.463,0.6980645161290323,/Volumes/Sound Bank/***Workload***/REFERENCES/44.1kHz/MusicAdvisor_calibration_11.10.2025/audio_norm/06_echo_2010_14/_packs/2025/11/11/2013_lorde__royals__single/2013_lorde__royals__single_20251111_232839.pack.json
06_echo_2010_14,?,0.48,0.7150645161290323,/Volumes/Sound Bank/***Workload***/REFERENCES/44.1kHz/MusicAdvisor_calibration_11.10.2025/audio_norm/06_echo_2010_14/_packs/2025/11/11/2014_meghan_trainor__all_about_that_bass__album/2014_meghan_trainor__all_about_that_bass__album_20251111_233311.pack.json
06_echo_2010_14,?,0.459,0.6940645161290323,/Volumes/Sound Bank/***Workload***/REFERENCES/44.1kHz/MusicAdvisor_calibration_11.10.2025/audio_norm/06_echo_2010_14/_packs/2025/11/11/2011_maroon_5_christina_aguilera__moves_like_jagger__album/2011_maroon_5_christina_aguilera__moves_like_jagger__album_20251111_231742.pack.json
06_echo_2010_14,?,0.479,0.7140645161290322,/Volumes/Sound Bank/***Workload***/REFERENCES/44.1kHz/MusicAdvisor_calibration_11.10.2025/audio_norm/06_echo_2010_14/_packs/2025/11/11/2014_sam_smith__stay_with_me__album/2014_sam_smith__stay_with_me__album_20251111_233553.pack.json
06_echo_2010_14,?,0.428,0.6630645161290323,/Volumes/Sound Bank/***Workload***/REFERENCES/44.1kHz/MusicAdvisor_calibration_11.10.2025/audio_norm/06_echo_2010_14/_packs/2025/11/11/2011_calvin_harris_rihanna__we_found_love__album/2011_calvin_harris_rihanna__we_found_love__album_20251111_231608.pack.json
06_echo_2010_14,?,0.434,0.6690645161290323,/Volumes/Sound Bank/***Workload***/REFERENCES/44.1kHz/MusicAdvisor_calibration_11.10.2025/audio_norm/06_echo_2010_14/_packs/2025/11/11/2010_katy_perry__last_friday_night_tgif__album/2010_katy_perry__last_friday_night_tgif__album_20251111_231122.pack.json
06_echo_2010_14,?,0.308,0.5430645161290323,/Volumes/Sound Bank/***Workload***/REFERENCES/44.1kHz/MusicAdvisor_calibration_11.10.2025/audio_norm/06_echo_2010_14/_packs/2025/11/11/2014_taylor_swift__shake_it_off__album/2014_taylor_swift__shake_it_off__album_20251111_233721.pack.json
06_echo_2010_14,?,0.367,0.6020645161290323,/Volumes/Sound Bank/***Workload***/REFERENCES/44.1kHz/MusicAdvisor_calibration_11.10.2025/audio_norm/06_echo_2010_14/_packs/2025/11/11/2012_fun_janelle_monae__we_are_young__album/2012_fun_janelle_monae__we_are_young__album_20251111_232057.pack.json
06_echo_2010_14,?,0.255,0.4900645161290323,/Volumes/Sound Bank/***Workload***/REFERENCES/44.1kHz/MusicAdvisor_calibration_11.10.2025/audio_norm/06_echo_2010_14/_packs/2025/11/11/2010_eminem_rihanna__love_the_way_you_lie__album/2010_eminem_rihanna__love_the_way_you_lie__album_20251111_230913.pack.json
06_echo_2010_14,?,0.518,0.7530645161290324,/Volumes/Sound Bank/***Workload***/REFERENCES/44.1kHz/MusicAdvisor_calibration_11.10.2025/audio_norm/06_echo_2010_14/_packs/2025/11/11/2013_daft_punk_pharrell_williams__get_lucky__single/2013_daft_punk_pharrell_williams__get_lucky__single_20251111_232420.pack.json
06_echo_2010_14,?,0.341,0.5760645161290323,/Volumes/Sound Bank/***Workload***/REFERENCES/44.1kHz/MusicAdvisor_calibration_11.10.2025/audio_norm/06_echo_2010_14/_packs/2025/11/11/2011_adele__someone_like_you__album/2011_adele__someone_like_you__album_20251111_231516.pack.json
06_echo_2010_14,?,0.424,0.6590645161290323,/Volumes/Sound Bank/***Workload***/REFERENCES/44.1kHz/MusicAdvisor_calibration_11.10.2025/audio_norm/06_echo_2010_14/_packs/2025/11/11/2014_taylor_swift__blank_space__album/2014_taylor_swift__blank_space__album_20251111_233625.pack.json
06_echo_2010_14,?,0.476,0.7110645161290323,/Volumes/Sound Bank/***Workload***/REFERENCES/44.1kHz/MusicAdvisor_calibration_11.10.2025/audio_norm/06_echo_2010_14/_packs/2025/11/11/2012_taylor_swift__we_are_never_ever_getting_back_together__album/2012_taylor_swift__we_are_never_ever_getting_back_together__album_20251111_232337.pack.json
06_echo_2010_14,?,0.482,0.7170645161290323,/Volumes/Sound Bank/***Workload***/REFERENCES/44.1kHz/MusicAdvisor_calibration_11.10.2025/audio_norm/06_echo_2010_14/_packs/2025/11/11/2010_katy_perry__firework__album/2010_katy_perry__firework__album_20251111_231030.pack.json
06_echo_2010_14,?,0.373,0.6080645161290323,/Volumes/Sound Bank/***Workload***/REFERENCES/44.1kHz/MusicAdvisor_calibration_11.10.2025/audio_norm/06_echo_2010_14/_packs/2025/11/11/2013_katy_perry__dark_horse__album/2013_katy_perry__dark_horse__album_20251111_232620.pack.json
06_echo_2010_14,?,0.444,0.6790645161290323,/Volumes/Sound Bank/***Workload***/REFERENCES/44.1kHz/MusicAdvisor_calibration_11.10.2025/audio_norm/06_echo_2010_14/_packs/2025/11/11/2012_imagine_dragons__radioactive__album/2012_imagine_dragons__radioactive__album_20251111_232143.pack.json
06_echo_2010_14,?,0.5,0.7350645161290323,/Volumes/Sound Bank/***Workload***/REFERENCES/44.1kHz/MusicAdvisor_calibration_11.10.2025/audio_norm/06_echo_2010_14/_packs/2025/11/11/2011_adele__rolling_in_the_deep__album/2011_adele__rolling_in_the_deep__album_20251111_231421.pack.json
06_echo_2010_14,?,0.431,0.6660645161290323,/Volumes/Sound Bank/***Workload***/REFERENCES/44.1kHz/MusicAdvisor_calibration_11.10.2025/audio_norm/06_echo_2010_14/_packs/2025/11/11/2014_taylor_swift__style__album/2014_taylor_swift__style__album_20251111_233942.pack.json
06_echo_2010_14,?,0.455,0.6900645161290323,/Volumes/Sound Bank/***Workload***/REFERENCES/44.1kHz/MusicAdvisor_calibration_11.10.2025/audio_norm/06_echo_2010_14/_packs/2025/11/11/2013_one_republic__counting_stars__album/2013_one_republic__counting_stars__album_20251111_232925.pack.json
06_echo_2010_14,?,0.287,0.5220645161290323,/Volumes/Sound Bank/***Workload***/REFERENCES/44.1kHz/MusicAdvisor_calibration_11.10.2025/audio_norm/06_echo_2010_14/_packs/2025/11/11/2014_pharrell__happy__album/2014_pharrell__happy__album_20251111_233446.pack.json
06_echo_2010_14,?,0.299,0.5340645161290323,/Volumes/Sound Bank/***Workload***/REFERENCES/44.1kHz/MusicAdvisor_calibration_11.10.2025/audio_norm/06_echo_2010_14/_packs/2025/11/11/2012_bruno_mars__locked_out_of_heaven__album/2012_bruno_mars__locked_out_of_heaven__album_20251111_231838.pack.json
06_echo_2010_14,?,0.538,0.7730645161290324,/Volumes/Sound Bank/***Workload***/REFERENCES/44.1kHz/MusicAdvisor_calibration_11.10.2025/audio_norm/06_echo_2010_14/_packs/2025/11/11/2010_taio_cruz__dynamite__single/2010_taio_cruz__dynamite__single_20251111_231336.pack.json
06_echo_2010_14,?,0.376,0.6110645161290322,/Volumes/Sound Bank/***Workload***/REFERENCES/44.1kHz/MusicAdvisor_calibration_11.10.2025/audio_norm/06_echo_2010_14/_packs/2025/11/11/2013_katy_perry__roar__album/2013_katy_perry__roar__album_20251111_232741.pack.json
06_echo_2010_14,?,0.555,0.7900645161290323,/Volumes/Sound Bank/***Workload***/REFERENCES/44.1kHz/MusicAdvisor_calibration_11.10.2025/audio_norm/06_echo_2010_14/_packs/2025/11/11/2010_kesha__tik_tok__album/2010_kesha__tik_tok__album_20251111_231211.pack.json
06_echo_2010_14,?,0.482,0.7170645161290323,/Volumes/Sound Bank/***Workload***/REFERENCES/44.1kHz/MusicAdvisor_calibration_11.10.2025/audio_norm/06_echo_2010_14/_packs/2025/11/11/2013_robin_thicke_pharrell_williams_ti__blurred_lines__album/2013_robin_thicke_pharrell_williams_ti__blurred_lines__album_20251111_233107.pack.json
04_echo_2000_04,?,0.532,0.7725714285714287,/Volumes/Sound Bank/***Workload***/REFERENCES/44.1kHz/MusicAdvisor_calibration_11.10.2025/audio_norm/04_echo_2000_04/_packs/2025/11/11/2004_green_day__american_idiot__album/2004_green_day__american_idiot__album_20251111_224059.pack.json
04_echo_2000_04,?,0.3,0.5405714285714286,/Volumes/Sound Bank/***Workload***/REFERENCES/44.1kHz/MusicAdvisor_calibration_11.10.2025/audio_norm/04_echo_2000_04/_packs/2025/11/11/2002_kelly_clarkson__a_moment_like_this__album/2002_kelly_clarkson__a_moment_like_this__album_20251111_223105.pack.json
04_echo_2000_04,?,0.514,0.7545714285714287,/Volumes/Sound Bank/***Workload***/REFERENCES/44.1kHz/MusicAdvisor_calibration_11.10.2025/audio_norm/04_echo_2000_04/_packs/2025/11/11/2004_usher_lil_jon_ludacris__yeah__album/2004_usher_lil_jon_ludacris__yeah__album_20251111_224257.pack.json
04_echo_2000_04,?,0.469,0.7095714285714285,/Volumes/Sound Bank/***Workload***/REFERENCES/44.1kHz/MusicAdvisor_calibration_11.10.2025/audio_norm/04_echo_2000_04/_packs/2025/11/11/2004_maroon_5__this_love__album/2004_maroon_5__this_love__album_20251111_224218.pack.json
04_echo_2000_04,?,0.489,0.7295714285714285,/Volumes/Sound Bank/***Workload***/REFERENCES/44.1kHz/MusicAdvisor_calibration_11.10.2025/audio_norm/04_echo_2000_04/_packs/2025/11/11/2000_eminem__the_real_slim_shady__album/2000_eminem__the_real_slim_shady__album_20251111_222500.pack.json
04_echo_2000_04,?,0.462,0.7025714285714286,/Volumes/Sound Bank/***Workload***/REFERENCES/44.1kHz/MusicAdvisor_calibration_11.10.2025/audio_norm/04_echo_2000_04/_packs/2025/11/11/2003_beyonce_jay_z__crazy_in_love__album/2003_beyonce_jay_z__crazy_in_love__album_20251111_223408.pack.json
04_echo_2000_04,?,0.305,0.5455714285714286,/Volumes/Sound Bank/***Workload***/REFERENCES/44.1kHz/MusicAdvisor_calibration_11.10.2025/audio_norm/04_echo_2000_04/_packs/2025/11/11/2002_avril_lavigne__complicated__album/2002_avril_lavigne__complicated__album_20251111_222924.pack.json
04_echo_2000_04,?,0.26,0.5005714285714287,/Volumes/Sound Bank/***Workload***/REFERENCES/44.1kHz/MusicAdvisor_calibration_11.10.2025/audio_norm/04_echo_2000_04/_packs/2025/11/11/2003_outkast__hey_ya__album/2003_outkast__hey_ya__album_20251111_223809.pack.json
04_echo_2000_04,?,0.423,0.6635714285714286,/Volumes/Sound Bank/***Workload***/REFERENCES/44.1kHz/MusicAdvisor_calibration_11.10.2025/audio_norm/04_echo_2000_04/_packs/2025/11/11/2001_kylie_minogue__cant_get_you_out_of_my_head__single/2001_kylie_minogue__cant_get_you_out_of_my_head__single_20251111_222736.pack.json
04_echo_2000_04,?,0.498,0.7385714285714287,/Volumes/Sound Bank/***Workload***/REFERENCES/44.1kHz/MusicAdvisor_calibration_11.10.2025/audio_norm/04_echo_2000_04/_packs/2025/11/11/2004_kelly_clarkson__since_u_been_gone__album/2004_kelly_clarkson__since_u_been_gone__album_20251111_224142.pack.json
04_echo_2000_04,?,0.394,0.6345714285714286,/Volumes/Sound Bank/***Workload***/REFERENCES/44.1kHz/MusicAdvisor_calibration_11.10.2025/audio_norm/04_echo_2000_04/_packs/2025/11/11/2003_britney_spears__toxic__album/2003_britney_spears__toxic__album_20251111_223714.pack.json
04_echo_2000_04,?,0.516,0.7565714285714287,/Volumes/Sound Bank/***Workload***/REFERENCES/44.1kHz/MusicAdvisor_calibration_11.10.2025/audio_norm/04_echo_2000_04/_packs/2025/11/11/2002_nelly__hot_in_herre__album/2002_nelly__hot_in_herre__album_20251111_223200.pack.json
04_echo_2000_04,?,0.354,0.5945714285714285,/Volumes/Sound Bank/***Workload***/REFERENCES/44.1kHz/MusicAdvisor_calibration_11.10.2025/audio_norm/04_echo_2000_04/_packs/2025/11/11/2001_u2__beautiful_day__album/2001_u2__beautiful_day__album_20251111_222812.pack.json
04_echo_2000_04,?,0.356,0.5965714285714285,/Volumes/Sound Bank/***Workload***/REFERENCES/44.1kHz/MusicAdvisor_calibration_11.10.2025/audio_norm/04_echo_2000_04/_packs/2025/11/11/2000_coldplay__yellow__album/2000_coldplay__yellow__album_20251111_222407.pack.json
02_echo_1990_94,?,0.32,0.5546111111111112,/Volumes/Sound Bank/***Workload***/REFERENCES/44.1kHz/MusicAdvisor_calibration_11.10.2025/audio_norm/02_echo_1990_94/_packs/2025/11/11/1992_boyz_ii_men__end_of_the_road__album/1992_boyz_ii_men__end_of_the_road__album_20251111_215218.pack.json
02_echo_1990_94,?,0.427,0.6616111111111111,/Volumes/Sound Bank/***Workload***/REFERENCES/44.1kHz/MusicAdvisor_calibration_11.10.2025/audio_norm/02_echo_1990_94/_packs/2025/11/11/1991_r_e_m__losing_my_religion__album/1991_r_e_m__losing_my_religion__album_20251111_215039.pack.json
02_echo_1990_94,?,0.529,0.7636111111111112,/Volumes/Sound Bank/***Workload***/REFERENCES/44.1kHz/MusicAdvisor_calibration_11.10.2025/audio_norm/02_echo_1990_94/_packs/2025/11/11/1991_michael_jackson__black_or_white__album/1991_michael_jackson__black_or_white__album_20251111_214846.pack.json
02_echo_1990_94,?,0.44,0.6746111111111112,/Volumes/Sound Bank/***Workload***/REFERENCES/44.1kHz/MusicAdvisor_calibration_11.10.2025/audio_norm/02_echo_1990_94/_packs/2025/11/11/1992_dr_dre__nuthin_but_a_g_thang__album/1992_dr_dre__nuthin_but_a_g_thang__album_20251111_215422.pack.json
02_echo_1990_94,?,0.387,0.6216111111111111,/Volumes/Sound Bank/***Workload***/REFERENCES/44.1kHz/MusicAdvisor_calibration_11.10.2025/audio_norm/02_echo_1990_94/_packs/2025/11/11/1993_radiohead__creep__album/1993_radiohead__creep__album_20251111_215928.pack.json
02_echo_1990_94,?,0.488,0.7226111111111111,/Volumes/Sound Bank/***Workload***/REFERENCES/44.1kHz/MusicAdvisor_calibration_11.10.2025/audio_norm/02_echo_1990_94/_packs/2025/11/11/1990_sinead_oconnor__nothing_compares_2_u__single/1990_sinead_oconnor__nothing_compares_2_u__single_20251111_214420.pack.json
02_echo_1990_94,?,0.528,0.7626111111111111,/Volumes/Sound Bank/***Workload***/REFERENCES/44.1kHz/MusicAdvisor_calibration_11.10.2025/audio_norm/02_echo_1990_94/_packs/2025/11/11/1994_green_day__basket_case__album/1994_green_day__basket_case__album_20251111_220010.pack.json
02_echo_1990_94,?,0.519,0.7536111111111112,/Volumes/Sound Bank/***Workload***/REFERENCES/44.1kHz/MusicAdvisor_calibration_11.10.2025/audio_norm/02_echo_1990_94/_packs/2025/11/11/1990_vanilla_ice__ice_ice_baby__single/1990_vanilla_ice__ice_ice_baby__single_20251111_214513.pack.json
02_echo_1990_94,?,0.529,0.7636111111111112,/Volumes/Sound Bank/***Workload***/REFERENCES/44.1kHz/MusicAdvisor_calibration_11.10.2025/audio_norm/02_echo_1990_94/_packs/2025/11/11/1991_mariah_carey__emotions__album/1991_mariah_carey__emotions__album_20251111_214626.pack.json
02_echo_1990_94,?,0.341,0.5756111111111112,/Volumes/Sound Bank/***Workload***/REFERENCES/44.1kHz/MusicAdvisor_calibration_11.10.2025/audio_norm/02_echo_1990_94/_packs/2025/11/11/1993_celine_dion__the_power_of_love__album/1993_celine_dion__the_power_of_love__album_20251111_215829.pack.json
02_echo_1990_94,?,0.316,0.5506111111111112,/Volumes/Sound Bank/***Workload***/REFERENCES/44.1kHz/MusicAdvisor_calibration_11.10.2025/audio_norm/02_echo_1990_94/_packs/2025/11/11/1994_mariah_carey__all_i_want_for_christmas_is_you__album/1994_mariah_carey__all_i_want_for_christmas_is_you__album_20251111_220052.pack.json
02_echo_1990_94,?,0.493,0.7276111111111112,/Volumes/Sound Bank/***Workload***/REFERENCES/44.1kHz/MusicAdvisor_calibration_11.10.2025/audio_norm/02_echo_1990_94/_packs/2025/11/11/1990_madonna__vogue__album/1990_madonna__vogue__album_20251111_214149.pack.json
02_echo_1990_94,?,0.491,0.7256111111111112,/Volumes/Sound Bank/***Workload***/REFERENCES/44.1kHz/MusicAdvisor_calibration_11.10.2025/audio_norm/02_echo_1990_94/_packs/2025/11/11/1994_mariah_carey__hero__album/1994_mariah_carey__hero__album_20251111_220146.pack.json
02_echo_1990_94,?,0.289,0.5236111111111111,/Volumes/Sound Bank/***Workload***/REFERENCES/44.1kHz/MusicAdvisor_calibration_11.10.2025/audio_norm/02_echo_1990_94/_packs/2025/11/11/1990_roxette__it_must_have_been_love__album/1990_roxette__it_must_have_been_love__album_20251111_214316.pack.json
02_echo_1990_94,?,0.517,0.7516111111111112,/Volumes/Sound Bank/***Workload***/REFERENCES/44.1kHz/MusicAdvisor_calibration_11.10.2025/audio_norm/02_echo_1990_94/_packs/2025/11/11/1993_aerosmith__cryin__album/1993_aerosmith__cryin__album_20251111_215727.pack.json
02_echo_1990_94,?,0.248,0.48261111111111116,/Volumes/Sound Bank/***Workload***/REFERENCES/44.1kHz/MusicAdvisor_calibration_11.10.2025/audio_norm/02_echo_1990_94/_packs/2025/11/11/1994_tlc__waterfalls__album/1994_tlc__waterfalls__album_20251111_220237.pack.json
02_echo_1990_94,?,0.588,0.8226111111111112,/Volumes/Sound Bank/***Workload***/REFERENCES/44.1kHz/MusicAdvisor_calibration_11.10.2025/audio_norm/02_echo_1990_94/_packs/2025/11/11/1993_ace_of_base__the_sign__album/1993_ace_of_base__the_sign__album_20251111_215628.pack.json
02_echo_1990_94,?,0.351,0.5856111111111111,/Volumes/Sound Bank/***Workload***/REFERENCES/44.1kHz/MusicAdvisor_calibration_11.10.2025/audio_norm/02_echo_1990_94/_packs/2025/11/11/1991_whitney_houston__i_will_always_love_you__single/1991_whitney_houston__i_will_always_love_you__single_20251111_215131.pack.json
14_negatives_novelty_eval,?,0.455,0.455,/Volumes/Sound Bank/***Workload***/REFERENCES/44.1kHz/MusicAdvisor_calibration_11.10.2025/audio_norm/14_negatives_novelty_eval/_packs/2025/11/12/2013_ylvis__the_fox_what_does_the_fox_say__neg_novelty/2013_ylvis__the_fox_what_does_the_fox_say__neg_novelty_20251112_015423.pack.json
14_negatives_novelty_eval,?,0.473,0.473,/Volumes/Sound Bank/***Workload***/REFERENCES/44.1kHz/MusicAdvisor_calibration_11.10.2025/audio_norm/14_negatives_novelty_eval/_packs/2025/11/12/2016_pinkfong__baby_shark__neg_novelty/2016_pinkfong__baby_shark__neg_novelty_20251112_015609.pack.json
14_negatives_novelty_eval,?,0.434,0.434,/Volumes/Sound Bank/***Workload***/REFERENCES/44.1kHz/MusicAdvisor_calibration_11.10.2025/audio_norm/14_negatives_novelty_eval/_packs/2025/11/12/2013_baauer__harlem_shake__neg_novelty/2013_baauer__harlem_shake__neg_novelty_20251112_015352.pack.json
14_negatives_novelty_eval,?,0.439,0.439,/Volumes/Sound Bank/***Workload***/REFERENCES/44.1kHz/MusicAdvisor_calibration_11.10.2025/audio_norm/14_negatives_novelty_eval/_packs/2025/11/12/2005_crazy_frog__axel_f__neg_novelty/2005_crazy_frog__axel_f__neg_novelty_20251112_014838.pack.json
14_negatives_novelty_eval,?,0.393,0.393,/Volumes/Sound Bank/***Workload***/REFERENCES/44.1kHz/MusicAdvisor_calibration_11.10.2025/audio_norm/14_negatives_novelty_eval/_packs/2025/11/12/2012_psy__gangnam_style__neg_novelty/2012_psy__gangnam_style__neg_novelty_20251112_015249.pack.json
14_negatives_novelty_eval,?,0.457,0.457,/Volumes/Sound Bank/***Workload***/REFERENCES/44.1kHz/MusicAdvisor_calibration_11.10.2025/audio_norm/14_negatives_novelty_eval/_packs/2025/11/12/1995_los_del_rio__macarena__neg_novelty/1995_los_del_rio__macarena__neg_novelty_20251112_014515.pack.json
14_negatives_novelty_eval,?,0.552,0.552,/Volumes/Sound Bank/***Workload***/REFERENCES/44.1kHz/MusicAdvisor_calibration_11.10.2025/audio_norm/14_negatives_novelty_eval/_packs/2025/11/12/2011_rebecca_black__friday__neg_novelty/2011_rebecca_black__friday__neg_novelty_20251112_015121.pack.json
01_echo_1985_89,?,0.364,0.5966923076923077,/Volumes/Sound Bank/***Workload***/REFERENCES/44.1kHz/MusicAdvisor_calibration_11.10.2025/audio_norm/01_echo_1985_89/_packs/2025/11/11/1988_roxette__listen_to_your_heart__album/1988_roxette__listen_to_your_heart__album_20251111_213759.pack.json
01_echo_1985_89,?,0.446,0.6786923076923077,/Volumes/Sound Bank/***Workload***/REFERENCES/44.1kHz/MusicAdvisor_calibration_11.10.2025/audio_norm/01_echo_1985_89/_packs/2025/11/11/1989_phil_collins__another_day_in_paradise__album/1989_phil_collins__another_day_in_paradise__album_20251111_214047.pack.json
01_echo_1985_89,?,0.529,0.7616923076923078,/Volumes/Sound Bank/***Workload***/REFERENCES/44.1kHz/MusicAdvisor_calibration_11.10.2025/audio_norm/01_echo_1985_89/_packs/2025/11/11/1989_madonna__like_a_prayer__single/1989_madonna__like_a_prayer__single_20251111_213901.pack.json
01_echo_1985_89,?,0.289,0.5216923076923077,/Volumes/Sound Bank/***Workload***/REFERENCES/44.1kHz/MusicAdvisor_calibration_11.10.2025/audio_norm/01_echo_1985_89/_packs/2025/11/11/1988_bobby_mcferrin__dont_worry_be_happy__album/1988_bobby_mcferrin__dont_worry_be_happy__album_20251111_213206.pack.json
01_echo_1985_89,?,0.425,0.6576923076923078,/Volumes/Sound Bank/***Workload***/REFERENCES/44.1kHz/MusicAdvisor_calibration_11.10.2025/audio_norm/01_echo_1985_89/_packs/2025/11/11/1986_peter_gabriel__sledgehammer__album/1986_peter_gabriel__sledgehammer__album_20251111_212651.pack.json
01_echo_1985_89,?,0.529,0.7616923076923078,/Volumes/Sound Bank/***Workload***/REFERENCES/44.1kHz/MusicAdvisor_calibration_11.10.2025/audio_norm/01_echo_1985_89/_packs/2025/11/11/1987_george_michael__faith__album/1987_george_michael__faith__album_20251111_212814.pack.json
01_echo_1985_89,?,0.419,0.6516923076923078,/Volumes/Sound Bank/***Workload***/REFERENCES/44.1kHz/MusicAdvisor_calibration_11.10.2025/audio_norm/01_echo_1985_89/_packs/2025/11/11/1988_guns_n_roses__sweet_child_o_mine__album/1988_guns_n_roses__sweet_child_o_mine__album_20251111_213421.pack.json
01_echo_1985_89,?,0.355,0.5876923076923077,/Volumes/Sound Bank/***Workload***/REFERENCES/44.1kHz/MusicAdvisor_calibration_11.10.2025/audio_norm/01_echo_1985_89/_packs/2025/11/11/1985_a_ha__take_on_me__single/1985_a_ha__take_on_me__single_20251111_212148.pack.json
01_echo_1985_89,?,0.519,0.7516923076923078,/Volumes/Sound Bank/***Workload***/REFERENCES/44.1kHz/MusicAdvisor_calibration_11.10.2025/audio_norm/01_echo_1985_89/_packs/2025/11/11/1985_tears_for_fears__everybody_wants_to_rule_the_world__single/1985_tears_for_fears__everybody_wants_to_rule_the_world__single_20251111_212421.pack.json
01_echo_1985_89,?,0.52,0.7526923076923078,/Volumes/Sound Bank/***Workload***/REFERENCES/44.1kHz/MusicAdvisor_calibration_11.10.2025/audio_norm/01_echo_1985_89/_packs/2025/11/11/1987_u2__with_or_without_you__single/1987_u2__with_or_without_you__single_20251111_212925.pack.json
01_echo_1985_89,?,0.347,0.5796923076923077,/Volumes/Sound Bank/***Workload***/REFERENCES/44.1kHz/MusicAdvisor_calibration_11.10.2025/audio_norm/01_echo_1985_89/_packs/2025/11/11/1985_dire_straits__money_for_nothing__single/1985_dire_straits__money_for_nothing__single_20251111_212302.pack.json
01_echo_1985_89,?,0.455,0.6876923076923078,/Volumes/Sound Bank/***Workload***/REFERENCES/44.1kHz/MusicAdvisor_calibration_11.10.2025/audio_norm/01_echo_1985_89/_packs/2025/11/11/1986_bon_jovi__livin_on_a_prayer__single/1986_bon_jovi__livin_on_a_prayer__single_20251111_212523.pack.json
01_echo_1985_89,?,0.501,0.7336923076923078,/Volumes/Sound Bank/***Workload***/REFERENCES/44.1kHz/MusicAdvisor_calibration_11.10.2025/audio_norm/01_echo_1985_89/_packs/2025/11/11/1987_whitney_houston__i_wanna_dance_with_somebody_who_loves_me__album/1987_whitney_houston__i_wanna_dance_with_somebody_who_loves_me__album_20251111_213030.pack.json
07_echo_2015_19,?,0.536,0.7527333333333333,/Volumes/Sound Bank/***Workload***/REFERENCES/44.1kHz/MusicAdvisor_calibration_11.10.2025/audio_norm/07_echo_2015_19/_packs/2025/11/11/2016_the_chainsmokers_daya__dont_let_me_down__single/2016_the_chainsmokers_daya__dont_let_me_down__single_20251111_235738.pack.json
07_echo_2015_19,?,0.51,0.7267333333333332,/Volumes/Sound Bank/***Workload***/REFERENCES/44.1kHz/MusicAdvisor_calibration_11.10.2025/audio_norm/07_echo_2015_19/_packs/2025/11/11/2015_mark_ronson_bruno_mars__uptown_funk__album/2015_mark_ronson_bruno_mars__uptown_funk__album_20251111_234525.pack.json
07_echo_2015_19,?,0.495,0.7117333333333333,/Volumes/Sound Bank/***Workload***/REFERENCES/44.1kHz/MusicAdvisor_calibration_11.10.2025/audio_norm/07_echo_2015_19/_packs/2025/11/11/2015_tame_impala__the_less_i_know_the_better__album/2015_tame_impala__the_less_i_know_the_better__album_20251111_234737.pack.json
07_echo_2015_19,?,0.421,0.6377333333333333,/Volumes/Sound Bank/***Workload***/REFERENCES/44.1kHz/MusicAdvisor_calibration_11.10.2025/audio_norm/07_echo_2015_19/_packs/2025/11/11/2016_the_chainsmokers_halsey__closer__single/2016_the_chainsmokers_halsey__closer__single_20251111_235858.pack.json
07_echo_2015_19,?,0.34,0.5567333333333333,/Volumes/Sound Bank/***Workload***/REFERENCES/44.1kHz/MusicAdvisor_calibration_11.10.2025/audio_norm/07_echo_2015_19/_packs/2025/11/11/2017_daniel_caesar_h_e_r__best_part__album/2017_daniel_caesar_h_e_r__best_part__album_20251111_235953.pack.json
07_echo_2015_19,?,0.522,0.7387333333333332,/Volumes/Sound Bank/***Workload***/REFERENCES/44.1kHz/MusicAdvisor_calibration_11.10.2025/audio_norm/07_echo_2015_19/_packs/2025/11/11/2015_the_weeknd_cant_feel_my_face__album/2015_the_weeknd_cant_feel_my_face__album_20251111_234908.pack.json
07_echo_2015_19,?,0.464,0.6807333333333333,/Volumes/Sound Bank/***Workload***/REFERENCES/44.1kHz/MusicAdvisor_calibration_11.10.2025/audio_norm/07_echo_2015_19/_packs/2025/11/11/2016_drake_rihanna__work__album/2016_drake_rihanna__work__album_20251111_235545.pack.json
07_echo_2015_19,?,0.277,0.4937333333333333,/Volumes/Sound Bank/***Workload***/REFERENCES/44.1kHz/MusicAdvisor_calibration_11.10.2025/audio_norm/07_echo_2015_19/_packs/2025/11/11/2015_adele__hello__album/2015_adele__hello__album_20251111_234114.pack.json
07_echo_2015_19,?,0.437,0.6537333333333333,/Volumes/Sound Bank/***Workload***/REFERENCES/44.1kHz/MusicAdvisor_calibration_11.10.2025/audio_norm/07_echo_2015_19/_packs/2025/11/11/2016_bruno_mars__thats_what_i_like__album/2016_bruno_mars__thats_what_i_like__album_20251111_235033.pack.json
07_echo_2015_19,?,0.447,0.6637333333333333,/Volumes/Sound Bank/***Workload***/REFERENCES/44.1kHz/MusicAdvisor_calibration_11.10.2025/audio_norm/07_echo_2015_19/_packs/2025/11/11/2015_justin_bieber__sorry__album/2015_justin_bieber__sorry__album_20251111_234420.pack.json
07_echo_2015_19,?,0.6,0.8167333333333333,/Volumes/Sound Bank/***Workload***/REFERENCES/44.1kHz/MusicAdvisor_calibration_11.10.2025/audio_norm/07_echo_2015_19/_packs/2025/11/11/2015_dj_snake_major_lazer_mø__lean_on__single/2015_dj_snake_major_lazer_mø__lean_on__single_20251111_234210.pack.json
07_echo_2015_19,?,0.481,0.6977333333333333,/Volumes/Sound Bank/***Workload***/REFERENCES/44.1kHz/MusicAdvisor_calibration_11.10.2025/audio_norm/07_echo_2015_19/_packs/2025/11/11/2015_justin_bieber__love_yourself__album/2015_justin_bieber__love_yourself__album_20251111_234329.pack.json
07_echo_2015_19,?,0.473,0.6897333333333333,/Volumes/Sound Bank/***Workload***/REFERENCES/44.1kHz/MusicAdvisor_calibration_11.10.2025/audio_norm/07_echo_2015_19/_packs/2025/11/11/2016_calvin_harris_rihanna__this_is_what_you_came_for__album/2016_calvin_harris_rihanna__this_is_what_you_came_for__album_20251111_235210.pack.json
07_echo_2015_19,?,0.405,0.6217333333333332,/Volumes/Sound Bank/***Workload***/REFERENCES/44.1kHz/MusicAdvisor_calibration_11.10.2025/audio_norm/07_echo_2015_19/_packs/2025/11/11/2016_dj_snake_justin_bieber__let_me_love_you__album/2016_dj_snake_justin_bieber__let_me_love_you__album_20251111_235354.pack.json
07_echo_2015_19,?,0.478,0.6947333333333332,/Volumes/Sound Bank/***Workload***/REFERENCES/44.1kHz/MusicAdvisor_calibration_11.10.2025/audio_norm/07_echo_2015_19/_packs/2025/11/11/2016_drake__one_dance__album/2016_drake__one_dance__album_20251111_235450.pack.json
07_echo_2015_19,?,0.435,0.6517333333333333,/Volumes/Sound Bank/***Workload***/REFERENCES/44.1kHz/MusicAdvisor_calibration_11.10.2025/audio_norm/07_echo_2015_19/_packs/2025/11/12/2019_billie_eilish__bad_guy__album/2019_billie_eilish__bad_guy__album_20251112_001550.pack.json
07_echo_2015_19,?,0.435,0.6517333333333333,/Volumes/Sound Bank/***Workload***/REFERENCES/44.1kHz/MusicAdvisor_calibration_11.10.2025/audio_norm/07_echo_2015_19/_packs/2025/11/12/2018_post_malone__better_now__album/2018_post_malone__better_now__album_20251112_001135.pack.json
07_echo_2015_19,?,0.491,0.7077333333333333,/Volumes/Sound Bank/***Workload***/REFERENCES/44.1kHz/MusicAdvisor_calibration_11.10.2025/audio_norm/07_echo_2015_19/_packs/2025/11/12/2018_marshmello_bastille__happier__single/2018_marshmello_bastille__happier__single_20251112_001041.pack.json
07_echo_2015_19,?,0.618,0.8347333333333333,/Volumes/Sound Bank/***Workload***/REFERENCES/44.1kHz/MusicAdvisor_calibration_11.10.2025/audio_norm/07_echo_2015_19/_packs/2025/11/12/2019_camila_cabello_shawn_mendes__senorita__single/2019_camila_cabello_shawn_mendes__senorita__single_20251112_001712.pack.json
07_echo_2015_19,?,0.469,0.6857333333333333,/Volumes/Sound Bank/***Workload***/REFERENCES/44.1kHz/MusicAdvisor_calibration_11.10.2025/audio_norm/07_echo_2015_19/_packs/2025/11/12/2018_calvin_harris_dua_lipa__one_kiss__album/2018_calvin_harris_dua_lipa__one_kiss__album_20251112_000705.pack.json
07_echo_2015_19,?,0.549,0.7657333333333334,/Volumes/Sound Bank/***Workload***/REFERENCES/44.1kHz/MusicAdvisor_calibration_11.10.2025/audio_norm/07_echo_2015_19/_packs/2025/11/12/2017_dua_lipa__new_rules__album/2017_dua_lipa__new_rules__album_20251112_000047.pack.json
07_echo_2015_19,?,0.425,0.6417333333333333,/Volumes/Sound Bank/***Workload***/REFERENCES/44.1kHz/MusicAdvisor_calibration_11.10.2025/audio_norm/07_echo_2015_19/_packs/2025/11/12/2018_dj_snake_ozuna_selena_gomez_cardi_b__taki_taki__single/2018_dj_snake_ozuna_selena_gomez_cardi_b__taki_taki__single_20251112_000750.pack.json
07_echo_2015_19,?,0.509,0.7257333333333333,/Volumes/Sound Bank/***Workload***/REFERENCES/44.1kHz/MusicAdvisor_calibration_11.10.2025/audio_norm/07_echo_2015_19/_packs/2025/11/12/2019_kygo_whitney_houston__higher_love__single/2019_kygo_whitney_houston__higher_love__single_20251112_001759.pack.json
07_echo_2015_19,?,0.437,0.6537333333333333,/Volumes/Sound Bank/***Workload***/REFERENCES/44.1kHz/MusicAdvisor_calibration_11.10.2025/audio_norm/07_echo_2015_19/_packs/2025/11/12/2019_lizzo__truth_hurts__album/2019_lizzo__truth_hurts__album_20251112_002015.pack.json
07_echo_2015_19,?,0.47,0.6867333333333332,/Volumes/Sound Bank/***Workload***/REFERENCES/44.1kHz/MusicAdvisor_calibration_11.10.2025/audio_norm/07_echo_2015_19/_packs/2025/11/12/2017_the_chainsmokers__paris__album/2017_the_chainsmokers__paris__album_20251112_000423.pack.json
07_echo_2015_19,?,0.459,0.6757333333333333,/Volumes/Sound Bank/***Workload***/REFERENCES/44.1kHz/MusicAdvisor_calibration_11.10.2025/audio_norm/07_echo_2015_19/_packs/2025/11/12/2019_lil_nas_x_billy_ray_cyrus__old_town_road__album/2019_lil_nas_x_billy_ray_cyrus__old_town_road__album_20251112_001936.pack.json
07_echo_2015_19,?,0.562,0.7787333333333333,/Volumes/Sound Bank/***Workload***/REFERENCES/44.1kHz/MusicAdvisor_calibration_11.10.2025/audio_norm/07_echo_2015_19/_packs/2025/11/12/2019_ariana_grande__thank_u_next__album/2019_ariana_grande__thank_u_next__album_20251112_001419.pack.json
07_echo_2015_19,?,0.481,0.6977333333333333,/Volumes/Sound Bank/***Workload***/REFERENCES/44.1kHz/MusicAdvisor_calibration_11.10.2025/audio_norm/07_echo_2015_19/_packs/2025/11/12/2017_the_chainsmokers_coldplay__something_just_like_this__album/2017_the_chainsmokers_coldplay__something_just_like_this__album_20251112_000613.pack.json
07_echo_2015_19,?,0.476,0.6927333333333332,/Volumes/Sound Bank/***Workload***/REFERENCES/44.1kHz/MusicAdvisor_calibration_11.10.2025/audio_norm/07_echo_2015_19/_packs/2025/11/12/2017_kygo_selena_gomez__it_aint_me__single/2017_kygo_selena_gomez__it_aint_me__single_20251112_000211.pack.json
07_echo_2015_19,?,0.436,0.6527333333333333,/Volumes/Sound Bank/***Workload***/REFERENCES/44.1kHz/MusicAdvisor_calibration_11.10.2025/audio_norm/07_echo_2015_19/_packs/2025/11/12/2019_ariana_grande__7_rings__album/2019_ariana_grande__7_rings__album_20251112_001248.pack.json
05_echo_2005_09,?,0.408,0.6435333333333333,/Volumes/Sound Bank/***Workload***/REFERENCES/44.1kHz/MusicAdvisor_calibration_11.10.2025/audio_norm/05_echo_2005_09/_packs/2025/11/11/2009_black_eyed_peas__i_gotta_feeling__album/2009_black_eyed_peas__i_gotta_feeling__album_20251111_230658.pack.json
05_echo_2005_09,?,0.52,0.7555333333333334,/Volumes/Sound Bank/***Workload***/REFERENCES/44.1kHz/MusicAdvisor_calibration_11.10.2025/audio_norm/05_echo_2005_09/_packs/2025/11/11/2006_beyonce__irreplaceable__album/2006_beyonce__irreplaceable__album_20251111_225211.pack.json
05_echo_2005_09,?,0.327,0.5625333333333333,/Volumes/Sound Bank/***Workload***/REFERENCES/44.1kHz/MusicAdvisor_calibration_11.10.2025/audio_norm/05_echo_2005_09/_packs/2025/11/11/2008_kings_of_leon__use_somebody__album/2008_kings_of_leon__use_somebody__album_20251111_230318.pack.json
05_echo_2005_09,?,0.327,0.5625333333333333,/Volumes/Sound Bank/***Workload***/REFERENCES/44.1kHz/MusicAdvisor_calibration_11.10.2025/audio_norm/05_echo_2005_09/_packs/2025/11/11/2008_coldplay__viva_la_vida__album/2008_coldplay__viva_la_vida__album_20251111_230139.pack.json
05_echo_2005_09,?,0.376,0.6115333333333334,/Volumes/Sound Bank/***Workload***/REFERENCES/44.1kHz/MusicAdvisor_calibration_11.10.2025/audio_norm/05_echo_2005_09/_packs/2025/11/11/2007_rihanna_jay_z__umbrella__album/2007_rihanna_jay_z__umbrella__album_20251111_225532.pack.json
05_echo_2005_09,?,0.352,0.5875333333333334,/Volumes/Sound Bank/***Workload***/REFERENCES/44.1kHz/MusicAdvisor_calibration_11.10.2025/audio_norm/05_echo_2005_09/_packs/2025/11/11/2005_gorillaz__feel_good_inc__album/2005_gorillaz__feel_good_inc__album_20251111_224521.pack.json
05_echo_2005_09,?,0.563,0.7985333333333333,/Volumes/Sound Bank/***Workload***/REFERENCES/44.1kHz/MusicAdvisor_calibration_11.10.2025/audio_norm/05_echo_2005_09/_packs/2025/11/11/2008_katy_perry__i_kissed_a_girl__album/2008_katy_perry__i_kissed_a_girl__album_20251111_230241.pack.json
05_echo_2005_09,?,0.419,0.6545333333333334,/Volumes/Sound Bank/***Workload***/REFERENCES/44.1kHz/MusicAdvisor_calibration_11.10.2025/audio_norm/05_echo_2005_09/_packs/2025/11/11/2006_amy_winehouse__rehab__album/2006_amy_winehouse__rehab__album_20251111_225124.pack.json
05_echo_2005_09,?,0.455,0.6905333333333334,/Volumes/Sound Bank/***Workload***/REFERENCES/44.1kHz/MusicAdvisor_calibration_11.10.2025/audio_norm/05_echo_2005_09/_packs/2025/11/11/2005_shakira_wyclef_jean__hips_dont_lie__album/2005_shakira_wyclef_jean__hips_dont_lie__album_20251111_224903.pack.json
05_echo_2005_09,?,0.263,0.4985333333333334,/Volumes/Sound Bank/***Workload***/REFERENCES/44.1kHz/MusicAdvisor_calibration_11.10.2025/audio_norm/05_echo_2005_09/_packs/2025/11/11/2008_beyonce__halo__album/2008_beyonce__halo__album_20251111_225701.pack.json
05_echo_2005_09,?,0.546,0.7815333333333334,/Volumes/Sound Bank/***Workload***/REFERENCES/44.1kHz/MusicAdvisor_calibration_11.10.2025/audio_norm/05_echo_2005_09/_packs/2025/11/11/2008_beyonce__single_ladies_put_a_ring_on_it__album/2008_beyonce__single_ladies_put_a_ring_on_it__album_20251111_225853.pack.json
05_echo_2005_09,?,0.478,0.7135333333333334,/Volumes/Sound Bank/***Workload***/REFERENCES/44.1kHz/MusicAdvisor_calibration_11.10.2025/audio_norm/05_echo_2005_09/_packs/2025/11/11/2008_lady_gaga__pokerface__album/2008_lady_gaga__pokerface__album_20251111_230407.pack.json
05_echo_2005_09,?,0.488,0.7235333333333334,/Volumes/Sound Bank/***Workload***/REFERENCES/44.1kHz/MusicAdvisor_calibration_11.10.2025/audio_norm/05_echo_2005_09/_packs/2025/11/11/2006_justin_timberlake__sexy_back__album/2006_justin_timberlake__sexy_back__album_20251111_225411.pack.json
05_echo_2005_09,?,0.545,0.7805333333333334,/Volumes/Sound Bank/***Workload***/REFERENCES/44.1kHz/MusicAdvisor_calibration_11.10.2025/audio_norm/05_echo_2005_09/_packs/2025/11/11/2006_fergie__big_girls_dont_cry_personal__album/2006_fergie__big_girls_dont_cry_personal__album_20251111_225315.pack.json
05_echo_2005_09,?,0.42,0.6555333333333333,/Volumes/Sound Bank/***Workload***/REFERENCES/44.1kHz/MusicAdvisor_calibration_11.10.2025/audio_norm/05_echo_2005_09/_packs/2025/11/11/2005_kanye_west__gold_digger__album/2005_kanye_west__gold_digger__album_20251111_224657.pack.json
03_echo_1995_99,?,0.419,0.6576153846153847,/Volumes/Sound Bank/***Workload***/REFERENCES/44.1kHz/MusicAdvisor_calibration_11.10.2025/audio_norm/03_echo_1995_99/_packs/2025/11/11/1999_britney_spears__baby_one_more_time__album/1999_britney_spears__baby_one_more_time__album_20251111_221935.pack.json
03_echo_1995_99,?,0.322,0.5606153846153847,/Volumes/Sound Bank/***Workload***/REFERENCES/44.1kHz/MusicAdvisor_calibration_11.10.2025/audio_norm/03_echo_1995_99/_packs/2025/11/11/1995_coolio__gangstas_paradise__album/1995_coolio__gangstas_paradise__album_20251111_220403.pack.json
03_echo_1995_99,?,0.508,0.7466153846153847,/Volumes/Sound Bank/***Workload***/REFERENCES/44.1kHz/MusicAdvisor_calibration_11.10.2025/audio_norm/03_echo_1995_99/_packs/2025/11/11/1999_santana__smooth__album/1999_santana__smooth__album_20251111_222037.pack.json
03_echo_1995_99,?,0.39,0.6286153846153847,/Volumes/Sound Bank/***Workload***/REFERENCES/44.1kHz/MusicAdvisor_calibration_11.10.2025/audio_norm/03_echo_1995_99/_packs/2025/11/11/1998_cher__believe__album/1998_cher__believe__album_20251111_221833.pack.json
03_echo_1995_99,?,0.452,0.6906153846153846,/Volumes/Sound Bank/***Workload***/REFERENCES/44.1kHz/MusicAdvisor_calibration_11.10.2025/audio_norm/03_echo_1995_99/_packs/2025/11/11/1995_oasis__wonderwall__album/1995_oasis__wonderwall__album_20251111_221005.pack.json
03_echo_1995_99,?,0.69,0.9286153846153846,/Volumes/Sound Bank/***Workload***/REFERENCES/44.1kHz/MusicAdvisor_calibration_11.10.2025/audio_norm/03_echo_1995_99/_packs/2025/11/11/1996_spice_girls__wannabe__album/1996_spice_girls__wannabe__album_20251111_221249.pack.json
03_echo_1995_99,?,0.396,0.6346153846153847,/Volumes/Sound Bank/***Workload***/REFERENCES/44.1kHz/MusicAdvisor_calibration_11.10.2025/audio_norm/03_echo_1995_99/_packs/2025/11/11/1997_elton_john__candle_in_the_wind_1997__album/1997_elton_john__candle_in_the_wind_1997__album_20251111_221412.pack.json
03_echo_1995_99,?,0.476,0.7146153846153847,/Volumes/Sound Bank/***Workload***/REFERENCES/44.1kHz/MusicAdvisor_calibration_11.10.2025/audio_norm/03_echo_1995_99/_packs/2025/11/11/1997_third_eye_blind__semi_charmed_life__album/1997_third_eye_blind__semi_charmed_life__album_20251111_221501.pack.json
03_echo_1995_99,?,0.505,0.7436153846153847,/Volumes/Sound Bank/***Workload***/REFERENCES/44.1kHz/MusicAdvisor_calibration_11.10.2025/audio_norm/03_echo_1995_99/_packs/2025/11/11/1995_mariah_carey__fantasy__album/1995_mariah_carey__fantasy__album_20251111_220817.pack.json
03_echo_1995_99,?,0.419,0.6576153846153847,/Volumes/Sound Bank/***Workload***/REFERENCES/44.1kHz/MusicAdvisor_calibration_11.10.2025/audio_norm/03_echo_1995_99/_packs/2025/11/11/1998_brandy_and_monica__the_boy_is_mine__album/1998_brandy_and_monica__the_boy_is_mine__album_20251111_221632.pack.json
03_echo_1995_99,?,0.25,0.4886153846153847,/Volumes/Sound Bank/***Workload***/REFERENCES/44.1kHz/MusicAdvisor_calibration_11.10.2025/audio_norm/03_echo_1995_99/_packs/2025/11/11/1996_fugees__killing_me_softly__album/1996_fugees__killing_me_softly__album_20251111_221054.pack.json
03_echo_1995_99,?,0.417,0.6556153846153847,/Volumes/Sound Bank/***Workload***/REFERENCES/44.1kHz/MusicAdvisor_calibration_11.10.2025/audio_norm/03_echo_1995_99/_packs/2025/11/11/1999_tlc__no_scrubs__album/1999_tlc__no_scrubs__album_20251111_222137.pack.json
03_echo_1995_99,?,0.286,0.5246153846153847,/Volumes/Sound Bank/***Workload***/REFERENCES/44.1kHz/MusicAdvisor_calibration_11.10.2025/audio_norm/03_echo_1995_99/_packs/2025/11/11/1995_mariah_carey__always_be_my_baby__album/1995_mariah_carey__always_be_my_baby__album_20251111_220528.pack.json
13_negatives_out_of_domain,?,0.359,0.359,/Volumes/Sound Bank/***Workload***/REFERENCES/44.1kHz/MusicAdvisor_calibration_11.10.2025/audio_norm/13_negatives_out_of_domain/_packs/2025/11/12/2003_the_mars_volta__tira_me_a_las_aranas__neg_out_of_domain/2003_the_mars_volta__tira_me_a_las_aranas__neg_out_of_domain_20251112_013152.pack.json
13_negatives_out_of_domain,?,0.463,0.463,/Volumes/Sound Bank/***Workload***/REFERENCES/44.1kHz/MusicAdvisor_calibration_11.10.2025/audio_norm/13_negatives_out_of_domain/_packs/2025/11/12/1991_metallica__enter_sandman__neg_out_of_domain/1991_metallica__enter_sandman__neg_out_of_domain_20251112_011430.pack.json
13_negatives_out_of_domain,?,0.258,0.258,/Volumes/Sound Bank/***Workload***/REFERENCES/44.1kHz/MusicAdvisor_calibration_11.10.2025/audio_norm/13_negatives_out_of_domain/_packs/2025/11/12/1998_neutral_milk_hotel__communist_daughter__neg_out_of_domain/1998_neutral_milk_hotel__communist_daughter__neg_out_of_domain_20251112_011947.pack.json
13_negatives_out_of_domain,?,0.542,0.542,/Volumes/Sound Bank/***Workload***/REFERENCES/44.1kHz/MusicAdvisor_calibration_11.10.2025/audio_norm/13_negatives_out_of_domain/_packs/2025/11/12/1998_neutral_milk_hotel__untitled__neg_out_of_domain/1998_neutral_milk_hotel__untitled__neg_out_of_domain_20251112_012301.pack.json
13_negatives_out_of_domain,?,0.463,0.463,/Volumes/Sound Bank/***Workload***/REFERENCES/44.1kHz/MusicAdvisor_calibration_11.10.2025/audio_norm/13_negatives_out_of_domain/_packs/2025/11/12/2019_100_gecs__money__machine__neg_out_of_domain/2019_100_gecs__money__machine__neg_out_of_domain_20251112_014354.pack.json
13_negatives_out_of_domain,?,0.468,0.468,/Volumes/Sound Bank/***Workload***/REFERENCES/44.1kHz/MusicAdvisor_calibration_11.10.2025/audio_norm/13_negatives_out_of_domain/_packs/2025/11/12/1995_slipknot__sic__neg_out_of_domain/1995_slipknot__sic__neg_out_of_domain_20251112_011648.pack.json
13_negatives_out_of_domain,?,0.258,0.258,/Volumes/Sound Bank/***Workload***/REFERENCES/44.1kHz/MusicAdvisor_calibration_11.10.2025/audio_norm/13_negatives_out_of_domain/_packs/2025/11/12/2006_animal_collective__peacebone__neg_out_of_domain/2006_animal_collective__peacebone__neg_out_of_domain_20251112_013227.pack.json
13_negatives_out_of_domain,?,0.275,0.275,/Volumes/Sound Bank/***Workload***/REFERENCES/44.1kHz/MusicAdvisor_calibration_11.10.2025/audio_norm/13_negatives_out_of_domain/_packs/2025/11/12/2009_animals_as_leaders__on_impulse__neg_out_of_domain/2009_animals_as_leaders__on_impulse__neg_out_of_domain_20251112_013638.pack.json
13_negatives_out_of_domain,?,0.27,0.27,/Volumes/Sound Bank/***Workload***/REFERENCES/44.1kHz/MusicAdvisor_calibration_11.10.2025/audio_norm/13_negatives_out_of_domain/_packs/2025/11/12/2003_the_mars_volta__drunkship_of_lanterns__neg_out_of_domain/2003_the_mars_volta__drunkship_of_lanterns__neg_out_of_domain_20251112_012915.pack.json
13_negatives_out_of_domain,?,0.275,0.275,/Volumes/Sound Bank/***Workload***/REFERENCES/44.1kHz/MusicAdvisor_calibration_11.10.2025/audio_norm/13_negatives_out_of_domain/_packs/2025/11/12/1992_aphex_twin__digeridoo__neg_out_of_domain/1992_aphex_twin__digeridoo__neg_out_of_domain_20251112_011542.pack.json
13_negatives_out_of_domain,?,0.332,0.332,/Volumes/Sound Bank/***Workload***/REFERENCES/44.1kHz/MusicAdvisor_calibration_11.10.2025/audio_norm/13_negatives_out_of_domain/_packs/2025/11/12/1983_metallica__seek_and_destroy__neg_out_of_domain/1983_metallica__seek_and_destroy__neg_out_of_domain_20251112_011117.pack.json
13_negatives_out_of_domain,?,0.421,0.421,/Volumes/Sound Bank/***Workload***/REFERENCES/44.1kHz/MusicAdvisor_calibration_11.10.2025/audio_norm/13_negatives_out_of_domain/_packs/2025/11/12/1999_and_you_know_us_by_the_trail_of_dead__up_from_redemption__neg_out_of_domain/1999_and_you_know_us_by_the_trail_of_dead__up_from_redemption__neg_out_of_domain_20251112_012421.pack.json
13_negatives_out_of_domain,?,0.491,0.491,/Volumes/Sound Bank/***Workload***/REFERENCES/44.1kHz/MusicAdvisor_calibration_11.10.2025/audio_norm/13_negatives_out_of_domain/_packs/2025/11/12/2010_sunn_o)))__alice__neg_out_of_domain/2010_sunn_o)))__alice__neg_out_of_domain_20251112_014129.pack.json
13_negatives_out_of_domain,?,0.487,0.487,/Volumes/Sound Bank/***Workload***/REFERENCES/44.1kHz/MusicAdvisor_calibration_11.10.2025/audio_norm/13_negatives_out_of_domain/_packs/2025/11/12/1998_neutral_milk_hotel__the_fool__neg_out_of_domain/1998_neutral_milk_hotel__the_fool__neg_out_of_domain_20251112_012211.pack.json
13_negatives_out_of_domain,?,0.511,0.511,/Volumes/Sound Bank/***Workload***/REFERENCES/44.1kHz/MusicAdvisor_calibration_11.10.2025/audio_norm/13_negatives_out_of_domain/_packs/2025/11/12/2008_meshuggah__bleed__neg_out_of_domain/2008_meshuggah__bleed__neg_out_of_domain_20251112_013313.pack.json
13_negatives_out_of_domain,?,0.454,0.454,/Volumes/Sound Bank/***Workload***/REFERENCES/44.1kHz/MusicAdvisor_calibration_11.10.2025/audio_norm/13_negatives_out_of_domain/_packs/2025/11/12/1998_neutral_milk_hotel__oh_comely__neg_out_of_domain/1998_neutral_milk_hotel__oh_comely__neg_out_of_domain_20251112_012020.pack.json
13_negatives_out_of_domain,?,0.492,0.492,/Volumes/Sound Bank/***Workload***/REFERENCES/44.1kHz/MusicAdvisor_calibration_11.10.2025/audio_norm/13_negatives_out_of_domain/_packs/2025/11/12/1996_tool__stinkfist__neg_out_of_domain/1996_tool__stinkfist__neg_out_of_domain_20251112_011810.pack.json
13_negatives_out_of_domain,?,0.505,0.505,/Volumes/Sound Bank/***Workload***/REFERENCES/44.1kHz/MusicAdvisor_calibration_11.10.2025/audio_norm/13_negatives_out_of_domain/_packs/2025/11/12/1986_metallica__master_of_puppets__neg_out_of_domain/1986_metallica__master_of_puppets__neg_out_of_domain_20251112_011228.pack.json
13_negatives_out_of_domain,?,0.517,0.517,/Volumes/Sound Bank/***Workload***/REFERENCES/44.1kHz/MusicAdvisor_calibration_11.10.2025/audio_norm/13_negatives_out_of_domain/_packs/2025/11/12/2000_tool__schism__neg_out_of_domain/2000_tool__schism__neg_out_of_domain_20251112_012454.pack.json
13_negatives_out_of_domain,?,0.401,0.401,/Volumes/Sound Bank/***Workload***/REFERENCES/44.1kHz/MusicAdvisor_calibration_11.10.2025/audio_norm/13_negatives_out_of_domain/_packs/2025/11/12/2010_avenged_sevenfold__nightmare__neg_out_of_domain/2010_avenged_sevenfold__nightmare__neg_out_of_domain_20251112_013937.pack.json
13_negatives_out_of_domain,?,0.28,0.28,/Volumes/Sound Bank/***Workload***/REFERENCES/44.1kHz/MusicAdvisor_calibration_11.10.2025/audio_norm/13_negatives_out_of_domain/_packs/2025/11/12/2001_squarepusher__my_red_hot_car__neg_out_of_domain/2001_squarepusher__my_red_hot_car__neg_out_of_domain_20251112_012616.pack.json
08_echo_2020_24,?,0.502,0.7102666666666666,/Volumes/Sound Bank/***Workload***/REFERENCES/44.1kHz/MusicAdvisor_calibration_11.10.2025/audio_norm/08_echo_2020_24/_packs/2025/11/12/2022_taylor_swift__antihero__album/2022_taylor_swift__antihero__album_20251112_003427.pack.json
08_echo_2020_24,?,0.672,0.8802666666666666,/Volumes/Sound Bank/***Workload***/REFERENCES/44.1kHz/MusicAdvisor_calibration_11.10.2025/audio_norm/08_echo_2020_24/_packs/2025/11/12/2024_sabrina_carpenter__please_please_please__album/2024_sabrina_carpenter__please_please_please__album_20251112_003651.pack.json
08_echo_2020_24,?,0.429,0.6372666666666666,/Volumes/Sound Bank/***Workload***/REFERENCES/44.1kHz/MusicAdvisor_calibration_11.10.2025/audio_norm/08_echo_2020_24/_packs/2025/11/12/2022_metro_boomin_the_weeknd_21_savage__creepin__album/2022_metro_boomin_the_weeknd_21_savage__creepin__album_20251112_003159.pack.json
08_echo_2020_24,?,0.637,0.8452666666666666,/Volumes/Sound Bank/***Workload***/REFERENCES/44.1kHz/MusicAdvisor_calibration_11.10.2025/audio_norm/08_echo_2020_24/_packs/2025/11/12/2022_lizzo__about_damn_time__album/2022_lizzo__about_damn_time__album_20251112_003027.pack.json
08_echo_2020_24,?,0.626,0.8342666666666666,/Volumes/Sound Bank/***Workload***/REFERENCES/44.1kHz/MusicAdvisor_calibration_11.10.2025/audio_norm/08_echo_2020_24/_packs/2025/11/12/2020_the_weeknd_ariana_grande__save_your_tears__album/2020_the_weeknd_ariana_grande__save_your_tears__album_20251112_002559.pack.json
08_echo_2020_24,?,0.416,0.6242666666666665,/Volumes/Sound Bank/***Workload***/REFERENCES/44.1kHz/MusicAdvisor_calibration_11.10.2025/audio_norm/08_echo_2020_24/_packs/2025/11/12/2021_olivia_rodrigo__good_4_u__album/2021_olivia_rodrigo__good_4_u__album_20251112_002920.pack.json
08_echo_2020_24,?,0.552,0.7602666666666666,/Volumes/Sound Bank/***Workload***/REFERENCES/44.1kHz/MusicAdvisor_calibration_11.10.2025/audio_norm/08_echo_2020_24/_packs/2025/11/12/2023_miley_cyrus__flowers__album/2023_miley_cyrus__flowers__album_20251112_003558.pack.json
08_echo_2020_24,?,0.591,0.7992666666666666,/Volumes/Sound Bank/***Workload***/REFERENCES/44.1kHz/MusicAdvisor_calibration_11.10.2025/audio_norm/08_echo_2020_24/_packs/2025/11/12/2020_bts__dynamite__album/2020_bts__dynamite__album_20251112_002108.pack.json
08_echo_2020_24,?,0.413,0.6212666666666666,/Volumes/Sound Bank/***Workload***/REFERENCES/44.1kHz/MusicAdvisor_calibration_11.10.2025/audio_norm/08_echo_2020_24/_packs/2025/11/12/2024_taylor_swift_post_malone__fortnight__album/2024_taylor_swift_post_malone__fortnight__album_20251112_003730.pack.json
08_echo_2020_24,?,0.55,0.7582666666666666,/Volumes/Sound Bank/***Workload***/REFERENCES/44.1kHz/MusicAdvisor_calibration_11.10.2025/audio_norm/08_echo_2020_24/_packs/2025/11/12/2020_dua_lipa__levitating__album/2020_dua_lipa__levitating__album_20251112_002340.pack.json
08_echo_2020_24,?,0.269,0.4772666666666666,/Volumes/Sound Bank/***Workload***/REFERENCES/44.1kHz/MusicAdvisor_calibration_11.10.2025/audio_norm/08_echo_2020_24/_packs/2025/11/12/2023_lady_gaga_bruno_mars__die_with_a_smile__album/2023_lady_gaga_bruno_mars__die_with_a_smile__album_20251112_003511.pack.json
08_echo_2020_24,?,0.459,0.6672666666666667,/Volumes/Sound Bank/***Workload***/REFERENCES/44.1kHz/MusicAdvisor_calibration_11.10.2025/audio_norm/08_echo_2020_24/_packs/2025/11/12/2021_justin_bieber_daniel_caesar_giveon__peaches__album/2021_justin_bieber_daniel_caesar_giveon__peaches__album_20251112_002751.pack.json
08_echo_2020_24,?,0.326,0.5342666666666667,/Volumes/Sound Bank/***Workload***/REFERENCES/44.1kHz/MusicAdvisor_calibration_11.10.2025/audio_norm/08_echo_2020_24/_packs/2025/11/12/2022_steve_lacy__bad_habit__album/2022_steve_lacy__bad_habit__album_20251112_003311.pack.json
08_echo_2020_24,?,0.665,0.8732666666666666,/Volumes/Sound Bank/***Workload***/REFERENCES/44.1kHz/MusicAdvisor_calibration_11.10.2025/audio_norm/08_echo_2020_24/_packs/2025/11/12/2021_doja_cat__woman__album/2021_doja_cat__woman__album_20251112_002635.pack.json
08_echo_2020_24,?,0.584,0.7922666666666666,/Volumes/Sound Bank/***Workload***/REFERENCES/44.1kHz/MusicAdvisor_calibration_11.10.2025/audio_norm/08_echo_2020_24/_packs/2025/11/12/2020_harry_styles__watermelon_sugar__album/2020_harry_styles__watermelon_sugar__album_20251112_002510.pack.json
10_golden_set_for_eval,?,0.495,0.495,/Volumes/Sound Bank/***Workload***/REFERENCES/44.1kHz/MusicAdvisor_calibration_11.10.2025/audio_norm/10_golden_set_for_eval/_packs/2025/11/12/1991_nirvana__smells_like_teen_spirit__single/1991_nirvana__smells_like_teen_spirit__single_20251112_004526.pack.json
10_golden_set_for_eval,?,0.263,0.263,/Volumes/Sound Bank/***Workload***/REFERENCES/44.1kHz/MusicAdvisor_calibration_11.10.2025/audio_norm/10_golden_set_for_eval/_packs/2025/11/12/1971_bill_withers__aint_no_sunshine__single/1971_bill_withers__aint_no_sunshine__single_20251112_003851.pack.json
10_golden_set_for_eval,?,0.515,0.515,/Volumes/Sound Bank/***Workload***/REFERENCES/44.1kHz/MusicAdvisor_calibration_11.10.2025/audio_norm/10_golden_set_for_eval/_packs/2025/11/12/1982_michael_jackson__billie_jean__album/1982_michael_jackson__billie_jean__album_20251112_004005.pack.json
10_golden_set_for_eval,?,0.529,0.529,/Volumes/Sound Bank/***Workload***/REFERENCES/44.1kHz/MusicAdvisor_calibration_11.10.2025/audio_norm/10_golden_set_for_eval/_packs/2025/11/12/1989_madonna__like_a_prayer__single/1989_madonna__like_a_prayer__single_20251112_004406.pack.json
10_golden_set_for_eval,?,0.308,0.308,/Volumes/Sound Bank/***Workload***/REFERENCES/44.1kHz/MusicAdvisor_calibration_11.10.2025/audio_norm/10_golden_set_for_eval/_packs/2025/11/12/1966_the_beatles__eleanor_rigby__album/1966_the_beatles__eleanor_rigby__album_20251112_003824.pack.json
10_golden_set_for_eval,?,0.552,0.552,/Volumes/Sound Bank/***Workload***/REFERENCES/44.1kHz/MusicAdvisor_calibration_11.10.2025/audio_norm/10_golden_set_for_eval/_packs/2025/11/12/2023_miley_cyrus__flowers__album/2023_miley_cyrus__flowers__album_20251112_010033.pack.json
10_golden_set_for_eval,?,0.248,0.248,/Volumes/Sound Bank/***Workload***/REFERENCES/44.1kHz/MusicAdvisor_calibration_11.10.2025/audio_norm/10_golden_set_for_eval/_packs/2025/11/12/2007_amy_winehouse__back_to_black__album/2007_amy_winehouse__back_to_black__album_20251112_005348.pack.json
10_golden_set_for_eval,?,0.466,0.466,/Volumes/Sound Bank/***Workload***/REFERENCES/44.1kHz/MusicAdvisor_calibration_11.10.2025/audio_norm/10_golden_set_for_eval/_packs/2025/11/12/1977_fleetwood_mac__dreams__album/1977_fleetwood_mac__dreams__album_20251112_003918.pack.json
10_golden_set_for_eval,?,0.496,0.496,/Volumes/Sound Bank/***Workload***/REFERENCES/44.1kHz/MusicAdvisor_calibration_11.10.2025/audio_norm/10_golden_set_for_eval/_packs/2025/11/12/2019_taylor_swift__cruel_summer__album/2019_taylor_swift__cruel_summer__album_20251112_005949.pack.json
10_golden_set_for_eval,?,0.386,0.386,/Volumes/Sound Bank/***Workload***/REFERENCES/44.1kHz/MusicAdvisor_calibration_11.10.2025/audio_norm/10_golden_set_for_eval/_packs/2025/11/12/1997_eiffel_65__blue_da_ba_dee__album/1997_eiffel_65__blue_da_ba_dee__album_20251112_004754.pack.json
10_golden_set_for_eval,?,0.475,0.475,/Volumes/Sound Bank/***Workload***/REFERENCES/44.1kHz/MusicAdvisor_calibration_11.10.2025/audio_norm/10_golden_set_for_eval/_packs/2025/11/12/1983_the_police__every_breath_you_take__album/1983_the_police__every_breath_you_take__album_20251112_004118.pack.json
10_golden_set_for_eval,?,0.518,0.518,/Volumes/Sound Bank/***Workload***/REFERENCES/44.1kHz/MusicAdvisor_calibration_11.10.2025/audio_norm/10_golden_set_for_eval/_packs/2025/11/12/2013_daft_punk_pharrell_williams__get_lucky__album/2013_daft_punk_pharrell_williams__get_lucky__album_20251112_005437.pack.json
10_golden_set_for_eval,?,0.502,0.502,/Volumes/Sound Bank/***Workload***/REFERENCES/44.1kHz/MusicAdvisor_calibration_11.10.2025/audio_norm/10_golden_set_for_eval/_packs/2025/11/12/1994_mariah_carey__without_you__album/1994_mariah_carey__without_you__album_20251112_004703.pack.json
10_golden_set_for_eval,?,0.267,0.267,/Volumes/Sound Bank/***Workload***/REFERENCES/44.1kHz/MusicAdvisor_calibration_11.10.2025/audio_norm/10_golden_set_for_eval/_packs/2025/11/12/2000_eminem__stan__album/2000_eminem__stan__album_20251112_005135.pack.json
10_golden_set_for_eval,?,0.411,0.411,/Volumes/Sound Bank/***Workload***/REFERENCES/44.1kHz/MusicAdvisor_calibration_11.10.2025/audio_norm/10_golden_set_for_eval/_packs/2025/11/12/1984_prince__when_doves_cry__album/1984_prince__when_doves_cry__album_20251112_004242.pack.json
10_golden_set_for_eval,?,0.388,0.388,/Volumes/Sound Bank/***Workload***/REFERENCES/44.1kHz/MusicAdvisor_calibration_11.10.2025/audio_norm/10_golden_set_for_eval/_packs/2025/11/12/2017_ed_sheeran__shape_of_you__single/2017_ed_sheeran__shape_of_you__single_20251112_005736.pack.json
99_legacy_pop_eval,?,0.547,0.778,/Volumes/Sound Bank/***Workload***/REFERENCES/44.1kHz/MusicAdvisor_calibration_11.10.2025/audio_norm/99_legacy_pop_eval/_packs/2025/11/12/1979_ac_dc__highway_to_hell__album/1979_ac_dc__highway_to_hell__album_20251112_020437.pack.json
99_legacy_pop_eval,?,0.379,0.6100000000000001,/Volumes/Sound Bank/***Workload***/REFERENCES/44.1kHz/MusicAdvisor_calibration_11.10.2025/audio_norm/99_legacy_pop_eval/_packs/2025/11/12/1982_toto__africa__album/1982_toto__africa__album_20251112_021625.pack.json
99_legacy_pop_eval,?,0.217,0.44800000000000006,/Volumes/Sound Bank/***Workload***/REFERENCES/44.1kHz/MusicAdvisor_calibration_11.10.2025/audio_norm/99_legacy_pop_eval/_packs/2025/11/12/1977_electric_light_orchestra__mr_blue_sky__album/1977_electric_light_orchestra__mr_blue_sky__album_20251112_020236.pack.json
99_legacy_pop_eval,?,0.561,0.792,/Volumes/Sound Bank/***Workload***/REFERENCES/44.1kHz/MusicAdvisor_calibration_11.10.2025/audio_norm/99_legacy_pop_eval/_packs/2025/11/12/1966_the_mamas_and_the_papas__california_dreamin__album/1966_the_mamas_and_the_papas__california_dreamin__album_20251112_015742.pack.json
99_legacy_pop_eval,?,0.492,0.7230000000000001,/Volumes/Sound Bank/***Workload***/REFERENCES/44.1kHz/MusicAdvisor_calibration_11.10.2025/audio_norm/99_legacy_pop_eval/_packs/2025/11/12/1981_journey__dont_stop_believin__album/1981_journey__dont_stop_believin__album_20251112_021353.pack.json
99_legacy_pop_eval,?,0.276,0.5070000000000001,/Volumes/Sound Bank/***Workload***/REFERENCES/44.1kHz/MusicAdvisor_calibration_11.10.2025/audio_norm/99_legacy_pop_eval/_packs/2025/11/12/1975_queen__bohemian_rhapsody__album/1975_queen__bohemian_rhapsody__album_20251112_015920.pack.json
99_legacy_pop_eval,?,0.484,0.7150000000000001,/Volumes/Sound Bank/***Workload***/REFERENCES/44.1kHz/MusicAdvisor_calibration_11.10.2025/audio_norm/99_legacy_pop_eval/_packs/2025/11/12/1976_abba__dancing_queen__album/1976_abba__dancing_queen__album_20251112_020040.pack.json
99_legacy_pop_eval,?,0.626,0.857,/Volumes/Sound Bank/***Workload***/REFERENCES/44.1kHz/MusicAdvisor_calibration_11.10.2025/audio_norm/99_legacy_pop_eval/_packs/2025/11/12/1970_creedence_clearwater_revival__have_you_ever_seen_the_rain__album/1970_creedence_clearwater_revival__have_you_ever_seen_the_rain__album_20251112_015851.pack.json
99_legacy_pop_eval,?,0.404,0.635,/Volumes/Sound Bank/***Workload***/REFERENCES/44.1kHz/MusicAdvisor_calibration_11.10.2025/audio_norm/99_legacy_pop_eval/_packs/2025/11/12/1980_ac_dc__back_in_black__album/1980_ac_dc__back_in_black__album_20251112_020941.pack.json
99_legacy_pop_eval,?,0.55,0.7810000000000001,/Volumes/Sound Bank/***Workload***/REFERENCES/44.1kHz/MusicAdvisor_calibration_11.10.2025/audio_norm/99_legacy_pop_eval/_packs/2025/11/12/1969_the_beatles__here_comes_the_sun__album/1969_the_beatles__here_comes_the_sun__album_20251112_015817.pack.json
99_legacy_pop_eval,?,0.435,0.666,/Volumes/Sound Bank/***Workload***/REFERENCES/44.1kHz/MusicAdvisor_calibration_11.10.2025/audio_norm/99_legacy_pop_eval/_packs/2025/11/12/1983_eurythmics__sweet_dreams__album/1983_eurythmics__sweet_dreams__album_20251112_021723.pack.json
99_legacy_pop_eval,?,0.517,0.748,/Volumes/Sound Bank/***Workload***/REFERENCES/44.1kHz/MusicAdvisor_calibration_11.10.2025/audio_norm/99_legacy_pop_eval/_packs/2025/11/12/1980_queen__another_one_bites_the_dust__album/1980_queen__another_one_bites_the_dust__album_20251112_021213.pack.json
99_legacy_pop_eval,?,0.506,0.7370000000000001,/Volumes/Sound Bank/***Workload***/REFERENCES/44.1kHz/MusicAdvisor_calibration_11.10.2025/audio_norm/99_legacy_pop_eval/_packs/2025/11/12/1982_david_bowie_queen__under_pressure__album/1982_david_bowie_queen__under_pressure__album_20251112_021438.pack.json
99_legacy_pop_eval,?,0.497,0.728,/Volumes/Sound Bank/***Workload***/REFERENCES/44.1kHz/MusicAdvisor_calibration_11.10.2025/audio_norm/99_legacy_pop_eval/_packs/2025/11/12/1979_bee_gees__stayin_alive__album/1979_bee_gees__stayin_alive__album_20251112_020625.pack.json
99_legacy_pop_eval,?,0.298,0.529,/Volumes/Sound Bank/***Workload***/REFERENCES/44.1kHz/MusicAdvisor_calibration_11.10.2025/audio_norm/99_legacy_pop_eval/_packs/2025/11/12/1976_the_eagles__hotel_california__album/1976_the_eagles__hotel_california__album_20251112_020122.pack.json
99_legacy_pop_eval,?,0.347,0.5780000000000001,/Volumes/Sound Bank/***Workload***/REFERENCES/44.1kHz/MusicAdvisor_calibration_11.10.2025/audio_norm/99_legacy_pop_eval/_packs/2025/11/12/1979_queen__dont_stop_me_now__album/1979_queen__dont_stop_me_now__album_20251112_020855.pack.json
